ukprn,provider,total_students,international,fulltime_students,acc_provider_halls,acc_private_halls,acc_parental_home,acc_own_residence,acc_other_rented,acc_other
10008071,AA School of Architecture,880,820,880,20,45,30,500,285,0
10007783,The University of Aberdeen,13930,2620,11800,1540,2335,2345,4930,75,0
10007849,Abertay University,4990,465,3580,260,50,1150,1225,845,40
10007856,Aberystwyth University,8970,1120,6620,2330,1205,20,500,2265,60
10092025,ACMET London College,50,0,50,0,0,5,30,0,10
10067853,ACM Guildford Limited,865,20,845,0,165,415,115,35,115
10032036,Amity University [IN] London,170,155,170,0,0,5,10,145,10
10030497,Anglo Skills College,160,0,160,0,0,5,155,0,0
10000291,Anglia Ruskin University,34370,7165,27570,750,1320,7200,9650,5590,2060
10041898,Apex College,985,0,985,0,0,165,615,0,205
10005451,Arden University,32740,40,23980,0,20,5275,15570,2210,10
10000381,Arts Educational Schools,340,35,340,5,10,55,30,230,0
10008899,The Ashridge (Bonar Law Memorial) Trust,535,10,,,,,,,
10003212,Hult International Business School Ltd,1730,1610,1625,95,30,80,370,785,190
10007759,Aston University,19565,4325,16125,0,4750,4310,1010,560,690
10007857,Bangor University,9935,2135,8100,2925,685,960,995,2295,185
10000571,Bath Spa University,28970,790,27950,1180,535,3285,15805,3300,3405
10007850,The University of Bath,20530,4880,18775,6260,495,1210,1620,8270,295
10007152,University of Bedfordshire,9000,2705,7580,0,530,2185,2790,1345,680
10005343,Queen's University Belfast,25080,5480,21095,3030,2080,6590,2325,4870,960
10037544,BIMM University,6435,405,6285,630,450,1445,390,2855,160
10007810,Birmingham Christian College,35,0,5,0,0,0,5,0,0
10007760,Birkbeck College,7720,930,4075,80,70,1130,2450,0,205
10007140,Birmingham City University,31875,5055,27420,730,4635,12930,3140,5795,135
10006840,The University of Birmingham,40025,12485,34585,5440,2735,6955,2905,13530,2545
10000712,University College Birmingham,6760,3180,5830,590,15,1440,1745,340,1685
10007832,Birmingham Newman University,5500,10,4900,195,5,1470,2850,0,370
10000894,Bristol Baptist College,45,0,5,0,0,0,0,0,0
10004061,Bloomsbury Institute,1035,820,1035,0,5,95,470,250,215
10000385,The Arts University Bournemouth,3740,505,3525,930,360,395,300,1420,70
10000824,Bournemouth University,16860,2760,14265,290,7930,2815,970,2055,95
10031982,BPP University,31490,21865,26600,0,0,680,4210,14805,1790
10007785,The University of Bradford,10770,2700,9260,0,1195,4825,1745,645,755
10000886,The University of Brighton,17405,2485,13960,3570,0,560,2250,1095,5955
10007786,The University of Bristol,32435,10900,30585,3705,7660,1750,780,15940,0
10023464,Trinity College Bristol,105,0,30,20,0,0,10,0,0
10000961,Brunel University London,12705,4400,11425,2925,135,5095,1215,1660,135
10000975,Buckinghamshire New University,18490,1530,15825,835,0,1270,10345,2800,570
10008173,University of the Built Environment,3580,5,840,0,0,20,25,25,0
10007787,The University of Buckingham,3455,900,2975,565,10,465,1025,585,175
10042737,UK Business College Ltd,170,0,170,0,0,0,170,0,0
10019368,London College of Business Studies,280,0,280,0,0,0,275,0,5
10010308,Cambridge Arts and Sciences Limited,115,70,115,55,20,15,0,15,0
10007788,The University of Cambridge,22565,7265,20410,16670,480,115,970,1670,180
10032072,The Cambridge Theological Federation,120,5,55,15,0,5,20,5,5
10003324,The Institute of Cancer Research,370,55,170,0,0,15,70,80,0
10001143,Canterbury Christ Church University,38385,1355,35095,480,365,4000,18245,3715,7375
10007814,Cardiff University,31505,5040,26790,6150,3275,2310,2240,10820,335
10034450,Cardiff and Vale College,45,0,10,0,0,5,5,0,0
10086359,Caspian School of Academics,500,0,500,0,0,15,185,0,300
10007854,Cardiff Metropolitan University,12265,2040,11270,1410,835,2860,1225,4240,405
10057213,CEG UFP Limited,615,605,595,5,275,45,10,235,20
10001264,Central School of Ballet,130,50,130,0,70,25,10,25,0
10021550,Centre for Alternative Technology,410,55,160,0,0,30,45,45,35
10024024,Central Film School,195,35,185,0,45,45,10,60,25
10007848,University of Chester,13520,3875,11440,1095,920,2870,1955,3540,545
10007137,The University of Chichester,6375,210,4800,1085,20,1015,790,1490,80
10001386,Chicken Shed Theatre Company,90,0,90,0,0,85,5,5,0
10001546,The College of Integrated Chinese Medicine,150,10,150,0,0,5,140,0,0
10026921,Christ the Redeemer College,505,0,505,0,0,10,490,0,0
10010213,The City College,420,0,420,0,0,5,405,0,10
10001478,"City St George's, University of London",27230,6790,24080,345,1980,10920,3905,5385,1265
10007912,Cliff College,135,10,20,10,0,0,5,0,0
10066502,The College of Health Ltd,365,45,75,0,5,25,20,20,5
10041295,Coleg Cambria,35,0,35,0,0,25,10,0,0
10008912,Coleg Gwent,70,0,5,0,0,5,0,0,0
10091065,Collective Acting Studio,35,0,35,0,0,15,5,5,5
10023442,The College of Osteopaths,85,0,,,,,,,
10020038,Commonwealth College of Excellence,280,0,280,0,0,0,280,0,0
10081618,The Council of the Inns of Court,475,35,475,0,5,165,185,30,15
10007761,Courtauld Institute of Art,630,195,615,105,10,100,170,195,20
10034324,Court Theatre Training Company Ltd,30,0,30,0,5,5,5,15,0
10001726,Coventry University,29505,13300,25015,1125,3395,5300,3860,9030,1615
10007822,Cranfield University,5000,1785,1930,1290,0,55,425,35,85
10006427,University for the Creative Arts,15110,2210,14955,2635,345,1715,7510,1420,1160
10007842,University of Cumbria,9065,235,5300,540,95,985,2660,335,180
10015688,David Game College Ltd,400,0,400,0,0,0,400,0,0
10001883,De Montfort University,23155,7355,20510,1195,3170,5840,2025,6795,1475
10007851,University of Derby,18895,2710,12080,1665,770,3320,3675,1780,270
10007852,The University of Dundee,13435,2390,11475,475,1010,1405,2185,3925,2400
10007143,University of Durham,21150,6895,20425,9400,230,505,595,9220,475
10067355,Dyson Technical Training Limited,180,0,,,,,,,
10007789,The University of East Anglia,16945,2430,14130,4085,965,1900,2080,5095,0
10007144,The University of East London,26755,13230,24730,1485,760,2360,15830,2340,1245
10032282,The Queen's Foundation for Ecumenical Theological Education,265,5,20,15,0,0,5,0,0
10007823,Edge Hill University,13330,595,10695,2645,185,3505,1875,2310,115
10007772,Edinburgh Napier University,13805,3800,12570,2155,425,3340,3615,2610,310
10007790,The University of Edinburgh,39015,16235,35425,13650,5605,2760,1630,9935,410
10032295,Emmanuel Theological College,130,0,25,0,0,0,25,0,0
10022047,Empire College London Limited,270,0,270,0,0,0,270,0,0
10042570,Escape Studios,860,35,860,0,60,550,110,95,20
10007791,The University of Essex,14015,4725,12315,4995,0,2440,1170,2455,1255
10002313,ESCP Europe Business School,890,870,890,20,80,15,25,270,60
10007792,The University of Exeter,33105,7365,27440,7450,5120,1020,2025,10480,405
10008640,Falmouth University,8185,335,6865,1590,215,1095,835,2965,50
10045476,Met Film School Limited,435,285,435,0,90,45,115,155,20
10004511,The National Film and Television School,585,135,455,0,0,55,90,285,20
10022087,Futureworks,415,5,415,0,110,200,15,90,0
10042500,Global Banking School Limited,1850,0,1850,30,30,420,725,425,230
10007762,Glasgow Caledonian University,22205,5040,19395,415,295,9315,3975,4015,655
10002681,Glasgow School of Art,2845,1040,2705,315,460,185,730,1010,0
10007794,The University of Glasgow,38710,13880,33890,5100,1670,7330,2720,15355,780
10007145,University of Gloucestershire,8135,1535,6810,1120,290,1450,1745,450,1455
10002718,Goldsmiths College,7910,3190,6955,980,335,1370,2695,1090,55
10030408,Gower College Swansea,30,0,,,,,,,
10006841,University of Greater Manchester,12570,3195,10750,0,495,2595,3990,850,2805
10007146,The University of Greenwich,29410,10165,25120,1230,900,9100,3650,7985,1530
10007825,Guildhall School of Music and Drama,1050,295,970,165,30,135,60,540,30
10040812,Harper Adams University,5285,135,2585,535,25,230,105,1465,70
10080811,Hartpury University,2550,220,2290,620,30,415,130,1045,50
10000163,Health Sciences University,2110,385,1615,30,125,405,230,750,55
10007764,Heriot-Watt University,9845,3075,8850,1990,325,2085,1280,2315,855
10007147,University of Hertfordshire,33575,19310,27220,4560,460,5615,3575,10475,2540
10020118,Higher Rhythm Limited,5,0,5,0,0,5,0,0,0
10007148,The University of Huddersfield,16360,2985,12180,0,2050,5135,4020,470,505
10007149,The University of Hull,14715,4400,11945,2255,1465,2905,1535,3165,470
10003239,ICON College of Technology and Management,2160,0,2160,0,0,0,275,0,1885
10003270,"Imperial College of Science, Technology and Medicine",22525,11905,21215,3905,1150,2115,3935,8445,1375
10003284,Inchbald School of Design Limited,25,15,20,0,0,5,15,5,0
10057622,The School of Information Risk Management,440,0,440,0,0,0,440,0,0
10013220,Institute of Art - London Limited,315,225,285,0,5,5,65,205,5
10067388,The Institute of Ismaili Studies,75,75,75,75,0,0,0,0,0
10035638,Institute of Contemporary Music Performance,2250,440,2185,15,200,785,560,435,110
10027603,International College of Musical Theatre,50,25,50,0,0,5,0,40,0
10082728,INTO University Partnerships Limited,110,105,105,20,0,0,80,0,0
10029682,The Islamic College,75,0,20,0,0,5,15,0,0
10067601,JSA Education Group Ltd.,95,20,95,0,10,35,0,40,5
10082570,Kaplan International Colleges U.K. Limited,885,880,885,90,300,15,0,475,0
10021682,Kaplan Open Learning (Essex) Limited,1805,5,,,,,,,
10007767,Keele University,13680,1160,10230,1835,525,3625,595,3400,235
10007150,The University of Kent,16070,2565,13845,4690,1545,2665,2315,2415,10
10083476,The King's Foundation,25,15,20,0,5,0,5,10,0
10003645,King's College London,40870,15690,33510,7005,1365,6315,6965,7490,2280
10003678,Kingston University,18815,4125,16440,2160,705,7045,3160,2055,855
10003746,Laine Theatre Arts,65,5,65,0,0,5,30,30,0
10003758,LAMDA Limited,490,240,380,0,15,55,125,150,30
10007141,University of Lancashire,23865,4895,18530,1505,2345,5840,4600,2650,1330
10007768,The University of Lancaster,18620,4165,17400,6395,1340,1120,1150,5715,1140
10003854,Leeds Arts University,2175,160,2115,0,880,275,90,850,25
10003861,Leeds Beckett University,22290,4250,19025,2170,910,4135,2535,8580,695
10003798,Le Cordon Bleu Limited,340,265,230,0,30,20,90,75,10
10034449,Leeds Conservatoire,1300,110,1300,5,290,90,115,695,105
10007795,The University of Leeds,34580,10890,32925,7390,20,2360,3240,16405,3175
10003863,Leeds Trinity University,13715,200,11910,410,170,1690,7520,550,1565
10082828,College of Legal Practice Limited,835,60,100,0,0,0,0,0,0
10007796,The University of Leicester,18990,3660,17445,3615,4190,3850,1235,4485,40
10007151,The University of Lincoln,19560,4015,16190,2710,3425,1505,1520,4850,1320
10007811,Lincoln Bishop University,2360,55,2085,175,10,515,505,415,350
10036456,Academy of Live Technology Ltd,185,0,175,0,0,55,15,100,0
10003956,Liverpool Hope University,5330,425,5020,995,290,1285,925,1115,410
10003957,Liverpool John Moores University,25650,2125,20835,0,4740,5655,2030,7365,815
10031239,LMA,1490,5,1490,35,310,420,175,515,30
10003945,The Liverpool Institute for Performing Arts,1095,220,1095,5,615,110,50,270,30
10006842,The University of Liverpool,31050,7495,27620,5480,9365,2600,1390,7545,1000
10003958,Liverpool School of Tropical Medicine,210,65,105,0,20,5,0,30,55
10007820,Grŵp Llandrillo Menai,825,0,230,0,0,95,135,0,0
10007162,"University of the Arts, London",22950,12385,22200,980,3280,3030,3565,10335,660
10013109,London Bridge Business Academy,160,0,160,0,0,0,0,160,0
10007769,London Business School,2275,1930,2020,5,470,70,225,1250,0
10030391,London Churchill College Ltd,1425,0,1425,0,0,0,1425,0,0
10007797,University of London (Institutes and activities),3280,135,110,10,5,20,45,20,5
10039082,City and Guilds of London Art School,305,35,260,0,0,90,65,100,0
10004036,London Film School Limited,300,255,300,0,0,10,20,270,0
10015506,The London College,725,0,725,0,0,0,720,0,0
10004048,London Metropolitan University,13665,3115,12185,0,300,2855,5600,3040,370
10032594,London School of Academics Ltd,120,0,120,0,0,0,120,0,0
10004078,London South Bank University,15760,2455,10375,735,65,2380,5995,635,340
10004063,London School of Economics and Political Science,12950,8225,12565,3070,400,1740,150,6110,485
10007771,London School of Hygiene and Tropical Medicine,945,505,565,65,55,65,145,195,35
10022285,London School of Management Education,960,15,960,0,0,0,960,0,0
10004075,London School of Theology,260,20,120,25,5,15,40,10,10
10004079,London Studio Centre,305,55,295,0,85,45,0,155,0
10029147,London School of Jewish Studies,30,0,,,,,,,
10062810,The London School of Architecture,125,5,125,0,0,35,45,40,0
10065543,London Brookes College,30,0,30,0,0,0,30,0,0
10004035,The Film Education Training Trust Limited,150,105,150,0,0,0,15,0,135
10067623,The London Interdisciplinary School Ltd,135,5,115,0,5,10,60,40,0
10004113,Loughborough University,18955,3495,17775,6075,1210,1300,595,6050,135
10009612,Luther King House Educational Trust,75,5,20,0,0,5,10,0,0
10042679,International Business College Manchester Limited,50,10,50,0,0,5,40,0,0
10004180,The Manchester Metropolitan University,39395,3645,34315,3160,4375,9810,3350,12880,0
10007798,The University of Manchester,46305,18515,42480,6360,10020,4250,1070,19400,40
10009527,Istituto Marangoni Limited,1355,1200,1355,0,40,40,105,450,50
10023452,The Markfield Institute of Higher Education,115,15,105,5,0,90,0,5,0
10023453,Matrix College of Counselling and Psychotherapy Ltd,110,0,110,0,0,0,110,0,0
10020416,Missio Dei,100,0,60,0,0,15,5,15,20
10030776,St Mellitus College,325,0,195,0,0,25,155,0,15
10004320,The Metanoia Institute,545,0,175,0,0,5,130,0,15
10004351,Middlesex University,15020,4445,12320,260,440,4450,1310,4030,1410
10032277,The Minster Centre,160,5,,,,,,,
10049370,MLA College,105,0,5,0,0,0,0,0,0
10004450,Mountview Academy of Theatre Arts,535,70,525,0,195,95,100,110,25
10023777,Mont Rose College of Management and Sciences Limited,1075,0,1070,0,0,55,785,205,25
10023454,Moorlands College,175,15,95,60,0,0,15,15,0
10055902,Multiverse,8565,0,8510,0,0,0,0,0,0
10001444,National Centre for Circus Arts,70,20,70,0,5,5,15,45,5
10000216,All Nations Christian College Limited,45,15,30,20,0,0,0,5,5
10090839,National Institute of Teaching,835,10,750,0,0,0,750,0,0
10004538,Nazarene Theological College,135,20,70,20,5,5,30,5,0
10030129,Nelson College London Ltd,1875,0,1875,0,0,80,1550,0,205
10023456,Newbold College,100,45,65,45,0,0,20,0,0
10007799,Newcastle University,27230,6025,25835,4245,3730,2090,1335,13345,290
10067406,New Model Institute for Technology and Engineering (NMITE),110,0,110,65,0,40,5,5,0
10048199,Northeastern University London,1060,295,510,30,85,95,50,200,45
10008397,Norland College,320,20,320,0,0,25,5,285,0
10007138,The University of Northampton,13505,2220,10970,2880,390,1705,3940,1650,410
10009614,Grŵp NPTC Group,110,0,30,0,0,25,0,0,0
10008816,Northern School of Contemporary Dance,270,50,260,0,5,15,10,230,0
10004740,Northern College of Acupuncture,145,5,90,0,0,0,90,0,0
10001282,University of Northumbria at Newcastle,29685,7285,25645,4450,1340,5975,3450,9825,600
10004775,Norwich University of the Arts,2765,175,2675,200,640,460,470,900,0
10007154,University of Nottingham,36460,7700,34240,6125,6530,1865,4055,13835,1230
10004797,The Nottingham Trent University,35435,5675,32430,4035,6285,5975,4380,10540,1210
10007773,The Open University,124580,225,250,0,0,5,55,35,0
10004930,Oxford Brookes University,26095,2945,22620,4720,340,3555,7260,3990,2555
10007774,The University of Oxford,26225,9755,20765,15320,420,155,1045,3545,95
10066143,Paris Dauphine International,175,170,175,0,25,5,80,50,15
10083464,Peking University HSBC Business School UK Campus,45,45,45,20,0,0,0,25,0
10004028,"The Place, London Contemporary Dance School (LCDS)",235,75,230,0,15,25,45,140,5
10005127,Arts University Plymouth,1610,60,1505,55,195,290,500,360,80
10007801,University of Plymouth,17945,2130,15185,0,5145,710,2770,6045,5
10019178,Point Blank Music School,855,155,855,0,70,280,150,250,50
10007155,The University of Portsmouth,24015,5880,19285,2905,3010,2865,3020,6265,995
10005337,"Queen Margaret University, Edinburgh",6590,1225,4140,770,0,1260,1880,0,205
10007775,Queen Mary University of London,24640,7900,22595,2750,1240,10005,2240,5265,825
10025197,University Centre Quayside Limited,155,0,155,0,0,0,155,0,0
10009292,Royal Academy of Dramatic Art,195,35,190,0,15,60,70,40,5
10005544,Royal Academy of Dance,200,40,110,0,5,25,10,60,0
10005378,Rambert School,160,65,155,0,0,15,45,90,0
10005389,Ravensbourne University London,8685,2630,8685,0,195,1645,3215,1400,2065
10005470,"Richmond, The American International University in London",1165,1015,1050,25,180,110,35,525,165
10007802,The University of Reading,21370,3850,16250,4860,1250,4740,810,4330,180
10086591,Regent's University London Limited,2625,1830,2295,130,25,40,300,1730,65
10021100,Regents Theological College,165,0,100,60,0,10,20,5,0
10023871,Results Consortium Limited,795,0,795,0,0,0,795,0,0
10062833,Raindance Educational Services Limited,50,20,50,0,0,30,0,20,0
10008455,Regent College London,9140,1490,8685,0,45,505,5550,1050,1530
10005500,Robert Gordon University,14840,2130,9210,785,415,2870,3340,1240,145
10007776,Roehampton University,11945,5560,11080,1375,90,3000,2280,1990,1910
10005523,Rose Bruford College of Theatre and Performance,870,100,830,55,0,135,75,545,5
10007835,Royal Academy of Music,775,385,775,115,55,70,250,225,60
10005545,Royal Agricultural University,925,115,835,255,0,95,30,435,5
10007777,Royal College of Art,2555,1820,2430,195,145,115,760,1145,40
10007778,Royal College of Music,995,480,930,0,470,70,40,325,25
10005561,Royal Conservatoire of Scotland,1230,320,1115,25,310,265,170,315,25
10007816,The Royal Central School of Speech and Drama,1015,260,970,5,30,190,340,350,30
10005553,Royal Holloway and Bedford New College,13115,2190,12405,2920,570,4040,2885,1445,235
10007837,Royal Northern College of Music,935,345,905,180,70,65,55,500,35
10007779,The Royal Veterinary College,2575,965,2305,265,290,320,605,760,60
10007803,The University of St. Andrews,11645,5370,10665,4195,355,75,845,4720,365
10008026,St Mary's University College,1060,80,905,10,65,460,45,305,25
10007843,"St Mary's University, Twickenham",5965,1080,4655,575,40,1780,1410,580,275
10007156,The University of Salford,26030,4975,23020,2755,285,8625,3260,6865,1215
10021256,William Booth College,35,0,10,10,0,0,0,0,0
10008362,London School of Science and Technology Limited,0,0,0,0,0,0,0,0,0
10007780,SOAS University of London,6400,1645,5720,170,1560,2545,405,810,175
10005700,SRUC,1820,35,1260,45,30,510,390,140,35
10005790,Sheffield Hallam University,30765,4385,23250,15,4865,5615,5355,6210,1065
10007157,The University of Sheffield,28280,7935,26155,4105,1455,1715,1145,12555,3790
10023458,The Sherwood Psychotherapy Training Institute Limited,265,0,90,0,0,0,90,0,0
10007158,The University of Southampton,25785,9060,24330,6320,2630,1855,3375,8780,590
10006022,Southampton Solent University,8515,1270,7645,1155,410,1475,2470,1495,455
10088214,S P Jain London School of Management Limited,155,115,75,0,0,25,5,45,0
10006299,University of Staffordshire,17085,705,11000,985,310,3005,4450,1585,405
10008098,Study Group,1945,1945,265,265,0,0,0,0,0
10004747,St Hild College,135,0,20,0,0,0,15,0,0
10007804,The University of Stirling,11750,2165,9960,1465,605,580,4540,2225,315
10037449,University of St Mark and St John,4850,200,4420,195,100,610,2900,565,50
10090767,St Padarn's Institute,210,0,10,0,0,0,5,0,5
10008010,Stranmillis University College,1430,20,865,145,100,440,30,140,10
10022944,Stratford College London (SCL),85,85,85,0,0,0,0,85,0
10007805,The University of Strathclyde,22225,4175,19260,1200,590,8805,4890,2990,530
10014001,University of Suffolk,13590,515,12630,0,230,1885,9490,550,470
10007159,The University of Sunderland,20280,7405,16875,865,640,4530,5880,4265,0
10007160,The University of Surrey,16430,3315,15175,5905,965,3120,1660,3345,65
10007806,The University of Sussex,17290,4380,16080,3750,345,2070,2530,6640,490
10007855,Swansea University,18985,2680,16915,2855,2285,2310,2405,6810,40
10020381,Tavistock and Portman NHS Foundation Trust,1005,30,240,0,5,10,225,0,0
10083403,The Engineering and Design Institute London,165,15,165,5,20,85,20,10,20
10007161,Teesside University,21570,6140,13970,1010,420,3660,3045,5230,365
10082743,ThinkSpace Education Limited,145,5,20,0,0,0,0,0,0
10008017,Trinity Laban Conservatoire of Music and Dance,1315,315,1170,5,275,135,180,535,35
10007858,University of Wales Trinity Saint David,15415,1335,12995,390,165,2290,8100,1605,440
10068157,University Centre Peterborough,395,0,330,0,0,0,330,0,0
10007114,University of the Highlands and Islands,8685,180,4755,10,20,2035,2235,115,340
10007807,Ulster University,32915,10710,26750,1015,1700,8035,3615,10860,1465
10039956,The University of Law,19730,4680,14220,0,500,5520,1470,4385,715
10007784,University College London,51315,26610,44560,9450,3170,8205,3445,18095,1475
10007793,University of South Wales,20790,4565,15065,980,1425,4305,3530,4250,520
10089591,Walbrook Institute London Limited,715,10,195,5,10,125,15,35,5
10029843,Waltham International College Limited,5,0,5,0,0,0,0,0,5
10007163,The University of Warwick,27880,9475,24235,7405,3840,1070,3210,6325,2080
10007361,Waverley Abbey College,260,0,,,,,,,
10007164,"University of the West of England, Bristol",36380,9030,28615,4480,2035,3435,8180,8880,850
10007800,The University of the West of Scotland,19105,5780,16390,505,145,5905,4345,3840,1185
10032288,West Dean College,255,50,160,60,0,25,75,0,0
10006566,The University of West London,17690,4795,16000,1040,320,3080,3835,4615,3100
10007165,The University of Westminster,20940,6350,17470,785,1235,5960,7110,2140,105
10003614,The University of Winchester,6840,350,5890,1585,90,1380,1090,1735,0
10007166,The University of Wolverhampton,23665,3810,17315,985,700,6350,7040,1430,815
10007139,University of Worcester,8755,1325,7355,860,150,2455,1685,1895,165
10007833,Wrexham University,8560,1960,4200,275,80,1025,1280,1135,370
10007713,York St John University,12150,4510,11540,1870,835,1585,2425,4280,280
10007167,The University of York,22345,4150,19760,6405,2245,885,6060,3310,520
